term,phrase,meaninglanguage1,meaning1,meaninglanguage2,meaning2
toppings,"...θα βάλουμε πάνω τα toppings, θα ψήσουμε την πίτσα...",en,toppings,,
αγαύης,"...να προσθέσεις είτε σιρόπι αγαύης, είτε μέλι.",en,agave,,
αγιασμός,Τι είναι αυτό; Αγιασμός!,en,Holy water,,
άγιο,Ο ιερέας μοιράζει το άγιο φως στους πιστούς,en,"Holy, saint",,
άγιος,...μας τα φέρνει ο Άγιος Βασίλης.,en,saint,,
άγρια,Βέβαια ήταν λίγο άγρια η θάλασσα όταν είχε...,en,"wild, wildly",,
αγχωθείς,...έτσι ώστε να μην αγχωθείς όταν θα είσαι εκεί.,en,anxious,,
αγχωμένη,"Είναι πολύ αγχωμένη για αυτό, επειδή αυτή...",en,anxious,,
αγχωμένος,...Ο Αδάμ αισθανόταν πολύ αγχωμένος πριν έρθει στην δουλειά...,en,anxious,,
άδεια,Έχει μερικές ημέρες άδεια τον χειμώνα.,en,"permission, license, leave, allowance,",,
αδελφούλα,η αδελφούλα και ο αδελφούλης μου.,en,sissy,,
αεροπορικό,Το αεροπορικό εισιτήριο κοστίζει πολύ.,en,airplane,,
αθάνατο,"τον βούτηξε μέσα στο αθάνατο νερό,",en,"immortal, eternal",,
αιόλου,"είναι ""ο ασκός του Αιόλου"".",en,Aeolus,,
αισθάνεται,Ο Μιχάλης αισθάνεται ευτυχισμένος όταν μιλά στους...,en,"feels, senses, has a feeling",,
αισθάνομαι,Αισθάνομαι ενοχλημένος και θυμωμένος.,en,"I feel, sense, perceive",,
αίσθημα,το αίσθημα της ντροπής.,en,"sensation, feeling",,
ακολουθήστε,"Επίσης , ακολουθήστε με και στα social...",en,follow,,
ακολουθώ,...αλήθεια είναι ότι δεν ακολουθώ,en,follow,,
ακόμα,Είναι ακόμα πολύ δραστήριοι ωστόσο.,en,"even, further, more, yet, still",,
ακόμη,"Εξάλλου, νόμιζα ότι έλειπε ακόμη στο σχολείο.",en,"another, additional, else, different",,
ακούγεται,"Το πέταγμα του χαρταετού ακούγεται εύκολο,",en,sounds,,
ακούσεις,αν δεν ακούσεις ή δεν καταλάβεις κάποιο...,en,"you listen, hear (ακούω)",,
ακούσουμε,Ας ακούσουμε τώρα το Μιχάλη να...,en,we listen,,
ακουστεί,γιατί ίσως να μην ακουστεί πολύ ευγενικό.,en,he/ she/ it is heard (ακούγομαι),,
ακριβό,...το ποδήλατο είναι πολύ ακριβό,en,expensive,,
ακριβώς,Α: Ας συναντηθούμε ακριβώς εδώ στις 6:30.,en,"just, exactly",,
αλήθεια,Α: Αλήθεια θέλετε να σας πω...,en,"truth, really, actually",,
αληθώς,...αυτή την ευχή είναι ‘'Αληθώς Ανέστη'' που σημαίνει : Ναι...,en,truly,,
αλίκη,Η Αλίκη πρέπει να πάει στην...,en,Alice,,
άλλα,Υπάρχουν πολλά άλλα αυτοκίνητα στον αυτοκινητόδρομο.,en,other,,
αλλάζει,...λέξη που είναι γαλάζια αλλάζει χρώμα.,en,changing,,
αλλά και,αλλά και τους συγγενείς μου.,en,(phrase) but also,,
αλλάξετε,...θα σας κάνει να αλλάξετε γνώμη.,en,change,,
αλλεργική,Αλλά εγώ ήμουν αλλεργική στο κοτόπουλο.,en,allergic,,
αλλιώς,...ακολουθεί ο Ιανουάριος ή αλλιώς Γενάρης,en,"otherwise, differently",,
άλλο,Βρήκα τον άλλο μου εαυτό,en,other,,
άλλοι,...και να λεν οι άλλοι,,,,
άλμπουμ,φτιάχνω ένα άλμπουμ,en,album,,
άμεση,να έχεις μια άμεση επικοινωνία με τον ιδιοκτήτη.,en,"direct, immediate",,
αμέσως,"...μας κόκκινο κρασί, έρχεται αμέσως.",en,immediately,,
άν,...έπρεπε να έχει συμβεί άν πήγαινε δυτικά?,en,if,,
ανάστασης,"...Ορθοδοξίας, η μέρα της Ανάστασης.",en,Resurrection,,
ανδρικά,"και ανδρικά ... ανδρικές φορεσιές αυστριακές, νομίζω...",en,men’s,,
ανδρικές,"και ανδρικά ... ανδρικές φορεσιές αυστριακές, νομίζω lederhosen...",en,men's,,
ανέβασα,που την ανέβασα το 2015,en,"(vt) raise, rise, lift, elevate; upload (electronic data to internet); turn up, increase; produce/put on/mount a theater production [ ανεβάζω ]",,
ανέβει,"δεν ξέρω πότε θα ανέβει το βίντεο αυτό, κάποια...",en,climb/risen,,
άνθρωποι,Από πού ήρθαν τόσοι άνθρωποι;,en,People,,
άνθρωπος,α - άνθρωπος,en,non-human,,
ανθρώπους,...να συναντήσει πολλούς φιλικούς ανθρώπους.,en,people,,
ανοιχτός,Ο κορμός του είναι ανοιχτός από την άλλη πλευρά...,en,open,,
αντέχει,η καρδούλα μου αντέχει ευτυχώς!,en,"withstand, put up with",,
αντέχουν,...και θα τρέξω για όσο αντέχουν οι πνεύμονές μου.,en,withstand,,
αντηλιακό,"Αλλά τώρα υπάρχει το αντηλιακό, πολύ σημαντικό.",en,"sunscreen, sun block",,
αντί,Ο Ανδρέας παραγγέλνει πίτσα αντί' αυτού.,en,instead (of),,
αντίθετα,Αντίθετα με μια κανονική ζωντανή...,en,"instead, on the contrary",,
αντίθετο,Το αντίθετο της χαράς,en,opposite,,
αντίουκρανικό,...ότι υπήρχε και ένα αντίουκρανικό κλίμα.,en,anti-Ukrainian,,
ανώμαλα,τα ανώμαλα ρήματα και τα ρήματα...,en,"abnormally, irregular",,
απαντήσεις,...ή απλά άκουσε τις απαντήσεις.,en,Answers,,
απαντήσετε,"Μην ξεχάσετε να απαντήσετε στην ερώτηση,",en,"you all answer, reply (Απαντάω)",,
απαντήσω,...βοηθήσω; Δεν μπορώ να απαντήσω όλες τις ερωτήσεις σας.,en,reply,,
απαντώντας,...περάσω όλη τη μέρα απαντώντας στις ερωτήσεις σας.,en,replying,,
απασχολημένη,Γ: Ήμουν απασχολημένη.,en,busy,,
απέναντι,"...Α, εννοείτε το κτίριο απέναντι από το σταθμό του...",en,"opposite, across",,
απλά,Απάντησε τες ή απλά άκουσε τις απαντήσεις.,en,"simply, plainly",,
απλό,"Λοιπόν, πότε χρησιμοποιούμε τον Απλό Μέλλοντα;",en,Simple,,
απλώς,Γ: Απλώς πηγαίνετε ευθεία.,en,"simply, just, solely, merely",,
από,Οι πελάτες είναι από πολλές χώρες.,en,from,,
απ'όλα,...κυπριακή πίτα μπιφτέκι γεμιστό απ'όλα και τυροκαυτερή,en,from all,,
απολαμβάνω,...ήταν που άρχισα να απολαμβάνω τη γλώσσα.,en,enjoy,,
αποτέλεσμα,Για να έχουμε αποτέλεσμα,en,result  	 	outcome  	 	effect,,
αποφάσεις,Σήμερα παίρνουμε μεγάλες αποφάσεις. Έλα!,en,decisions,,
απόφαση,...ότι παίρνω μία μεγάλη απόφαση για τη ζωή μου,en,decision,,
αποφασίζει,"Αποφασίζει να μελετήσει, να εξοικονομήσει...",en,he/ she/ it decides,,
αποφασίζουν,"Έτσι, αποφασίζουν να αθληθούν στο σπίτι.",en,They decide,,
αποφασίζω,"Αποφασίζω να μελετήσω, να εξοικονομήσω...",,,,
αποφασίσεις,...ότι θα πρέπει να αποφασίσεις αν θες περισσότερες ευθύνες...,en,decide,,
αποφασίσουμε,όπου προσπαθούμε να αποφασίσουμε πού θα πάμε.,en,(we) decide,,
αποφασίσω,Πρέπει να αποφασίσω τι θέλω πραγματικά στη ζωή μου.,en,decide,,
αράχνης,"Ο Μύθος της Αράχνης Κάποτε, σε ένα μικρό...",en,spider,,
αργότερα,Γ: Μπορούμε να πάμε αργότερα.,en,Later,,
αργώ,Αυτό σημαίνει ότι συνέχεια αργώ.,en,be late,,
αρετή,Η Αρετή ντύνεται το πρωί.,en,Ashley,,
άρθρο,Υπάρχει πάντα το οριστικό άρθρο πριν από το ουσιαστικό,en,article,,
αριθμούς,...θέλουμε να προσθέσουμε δύο αριθμούς.,en,numbers,,
αρκετά,"Α: Ναι, είναι αρκετά ακριβό.",en,"enough, quite, well, considerably",,
αρκετό,...Αυτό το μπαρ έχει αρκετό κόσμο.,en,"enough, quite, well, considerably",,
αρμονία,...αριθμός και μυαλό και αρμονία.,en,harmony,,
άρτος,Άρτος σημαίνει ψωμί,en,bread,,
αρχαία,"Στην αρχαία Ελλάδα, επίσης, η ημέρα...",en,ancient,,
αρχαίο,...ένας Έλληνας βλέπει ένα αρχαίο ελληνικό κείμενο,en,ancient,,
αρχαίους,από πολύ γνωστούς αρχαίους Έλληνες,en,ancient,,
αρχή,Στην αρχή δεν καταλαβαίνετε.,en,"authority, start, principle, beginning, origin",,
αρχικά,"Αρχικά, Γιάννη,",en,initially,,
ας,Ας ακούσουμε τώρα το Μιχάλη...,en,let's,,
άσπρα,...τώρα νομίζω ότι είναι άσπρα.,en,white,,
αστείο,Το αστείο είναι ότι είμαι και...,en,"witty, clever, funny",,
αστυνομία,...γυναίκα που δουλεύει στην αστυνομία. Ωραία! Πάρα πολύ καλά...,en,Police,,
ασχολία,Θέλει μια νέα ασχολία.,,,,
ατάκα,...να δούμε την πρώτη ατάκα!!,en,"line, memorable phrase",,
αυγού,"και φτιάχνεται με ασπράδι αυγού, ζάχαρη και ξηρούς καρπούς.",en,egg,,
αυγούστου,"τέλη Αυγούστου με αρχές Σεπτεμβρίου,",en,August,,
αυτοκίνητό,...δουλειά του με το αυτοκίνητό του.,en,car,,
αφηγείται,Στο γράμμα αυτό αφηγείται τη ζωή του,en,tells,,
αφού,Αφού μιλήσετε με έναν δάσκαλο...,en,"since, as, because, when",,
αχίλλειος,"η αχίλλειος πτέρνα""",en,Achilles,,
αχλάδι,το αχλάδι / τα αχλάδια,en,pear,,
βαλένσια,"...έχω δει και στη Βαλένσια όταν πήγα, οπότε μάλλον...",en,Valencia,,
βασικά,που βασικά ήρθες από το δωμάτιό...,en,basically,,
βασική,με τη βασική εκπαίδευση,en,"basic, main",,
βγάζει,"Η φράση αυτή δε βγάζει νόημα,",en,takes out,,
βγάζω,"...χρήματα από αυτά που βγάζω τώρα, δε θα ήθελα...",en,"I take off, throw out, remove, extract",,
βγάλω,Και επρόκειτο να βγάλω πολλές φωτογραφίες εκεί.,en,"get, get off, take out, remove, doff, jab out",,
βγήκαν,Μόλις βγήκαν τ' αποτελέσματα,en,came out,,
βέβαια,"Α: Βέβαια, θα πάρω μια μπίρα.",en,"Of course, naturally, certainly",,
βενιζέλος,"ο Ελευθέριος Βενιζέλος, το 1934.",en,Venizelos,,
βιβλιοπωλείο,Αυτό είναι ένα βιβλιοπωλείο.,en,Bookstore,,
βοηθάμε,Βοηθάμε η μία την άλλη...,en,we help,,
βοηθάτε,Γ: Δε με βοηθάτε πολύ.,en,help,,
βοήθειά,Αλήθεια χρειάζομαι τη βοήθειά σας.,en,help,,
βόλτα,Χθες πήγα βόλτα με δυο φίλες μου.,en,"walk, stroll, ride, outing",,
βούτυρο,"...φτιάχνεται από αυγά , γάλα, βούτυρο , αλεύρι",en,butter,,
βράδυ,...να διαβάσετε λίγο το βράδυ.,en,night,,
βράχο,Εδώ είμαι πάνω στον βράχο,en,"cliff, rock",,
βρήκα,Βρήκα τον άλλο μου εαυτό,en,I found,,
βρίσκεται,Που βρίσκεται κοντά μας,en,located,,
γαλλία,Θέλει να πάει στην Γαλλία.,en,France,,
γειτονιάς,και τα σουβλατζίδικα της γειτονιάς μας,en,of neighborhood (from μια γειτονιά),,
γένη,ταιριάζει και στα τρία γένη,en,genders,,
γενικά,"και γενικά,",en,"generally, overall",,
γενικότερα,Γενικότερα όταν χρησιμοποιούμε το ρήμα...,en,Generally,,
γενικώς,...είπε ότι ‘'Η αστρονομία γενικώς μου αρέσει πάρα πολύ...,en,generally,,
γεννήθηκα,"Α, όχι, δε γεννήθηκα στην Ουκρανία, απλά η...",en,I was born,,
για την ακρίβεια,Για την ακρίβεια αυτά είναι όχι μόνο...,en,"actually, as a matter of fact",,
γιατρό,Αποφασίζει να πάει στον γιατρό.,en,doctor,,
γιατρός,...αδερφός του Φίλιππου ήταν γιατρός.,en,doctor,,
γίγαντες,...μεγάλα και τα λέμε γίγαντες. Γιατί πραγματικά είναι γίγαντες.,en,giants,,
γίνει,Η γαλάζια λέξη έχει γίνει πλέον κίτρινη.,en,become,,
γίνεται,Α: Τι γίνεται αν καλέσεις φίλους στο...,en,becomes,,
γινόμαστε,"...τα τραπέζια, στο τέλος, γινόμαστε μία μεγάλη παρέα.",en,we become,,
γιόγκα,"...μου για γυμναστική, για γιόγκα, για τρέξιμο, και όλα...",en,yoga,,
γιορτάζει,δηλαδή όταν κάποιος γιορτάζει το όνομά του.,en,celebrates,,
γιορτάζεται,και σήμερα γιορτάζεται σε πολλά μέρη του...,en,celebrated,,
γιορτάζετε,και αν γιορτάζετε το καρναβάλι στη χώρα...,en,celebrating,,
γιορτές,...άνθρωποι κάνουν δώρα σε γιορτές,en,celebrations,,
γιώργος,Ο Γιώργος έγραψε ένα γράμμα στην...,en,George,,
γκαράζ,...αυτό κοιμούνται δίπλα στο γκαράζ.,en,garage,,
γκλίτερ,,en,glitter,,
γλώσσες,Αυτοί μιλούν πολλές διαφορετικές γλώσσες.,en,languages,,
γνωρίζει,Μερικές φορές δε γνωρίζει πολλά για τη φύση...,en,knows,,
γνωρίζετε,...τις νέες λέξεις τις γνωρίζετε ήδη.,en,You know,,
γνωρίζοντας,Γνωρίζοντας ανθρώπους,en,Knowing,,
γνωρίζουν,αν γνωρίζουν την σημασία τους,en,they know,,
γνωριμία,Χάρηκα για τη γνωριμία.,en,"meet, acquaintance, contact",,
γνώρισα,Την μία την γνώρισα όταν μου την σύστησε...,en,"I met, knew, recognized",,
γνώρισες,...πρώτη φορά που τον γνώρισες .,en,you meet,,
γνωρίσω,...να ταξιδέψω και να γνωρίσω ανθρώπους από άλλες χώρες.,en,meet,,
γνωστά,γνωστά και ως γηρατειά.,en,known/usual,,
γνωστή,Η πιο γνωστή είναι τα χρόνια πολλά.,en,known,,
γνωστό,...για να γίνει πιο γνωστό το μέρος,en,known,,
γνωστός,Ένας πολύ γνωστός Έλληνας ποιητής είναι ο...,en,known,,
γραφείο,...Γιάννης δουλεύει σε ένα γραφείο.,en,office,,
γράφτηκε,"...χίμαιρα'' του Καραγάτση , που γράφτηκε το 1953",en,was written,,
γράψετε,"...έτοιμοι, θα πρέπει να γράψετε.",en,write,,
γράψιμο,...το διάβασμα και το γράψιμο.,en,writing,,
γρηγορότερα,...απαντάω όσο το δυνατόν γρηγορότερα.,en,"sooner, earlier, faster",,
γύρω,...Συνήθως οδηγώ μέχρι τα γύρω βουνά.,en,around,,
δείπνο,...ώρα να πάμε για δείπνο.,en,dinner,,
δείτε,Δείτε τη σημασία των νέων...,en,you all see,,
δείχνετε,Μου δείχνετε ότι εκτιμάτε αυτά που...,en,You look,en,"(you) look, show"
δεκέμβριο,...χειμώνας ξεκινάει με τον Δεκέμβριο ή Δεκέμβρη.,en,December,,
δεξιά,"Γ: Εκεί, στα δεξιά, δίπλα από το μεγάλο...",en,right,,
δέσποινες,"...Ελλάδα!! Οι Μαρίες , οι Δέσποινες, οι Παναγιώτες, και από...",en,misses,,
δηλαδή,Τι φοράνε δηλαδή οι στρατιώτες στην αεροπορία;,en,"that is to say, namely, that is, to wit",,
διαβάζουν,και διαβάζουν την ίδια εφημερίδα.,en,read,,
διάβασμα,Στην Κλαίρη αρέσει το διάβασμα και το γράψιμο.,en,reading,,
διαδίκτυο,Βλέπει φωτογραφίες διαμερισμάτων στο διαδίκτυο.,en,Internet,,
διακοπές,...ενθουσιασμένος με τις χειμερινές διακοπές.,en,Vacation,,
διάλογο,...κάνουμε μαζί έναν αληθινό διάλογο.,en,dialogue,,
διάλογος,ο διάλογος,en,The dialogue,,
διαμέρισμα,Το διαμέρισμα του Βασίλη είναι πολύ...,en,apartment,,
διαφορετικά,Υπάρχουν τρία διαφορετικά σώματα αν δεν κάνω...,en,"differently, otherwise, besides",,
διαφορετικές,Αυτοί μιλούν πολλές διαφορετικές γλώσσες.,en,different,,
διαφορετική,ενώ τελικά έχουν τελείως διαφορετική σημασία ;,en,different,,
διαφορετικό,θα κάνουμε κάτι λιγάκι διαφορετικό.,en,different,,
διαφορετικούς,"τις διαφορετικές μορφές, τους διαφορετικούς τύπους",en,"(adj) different, dissimilar, unlike, diverse, unique",,
διηγείται,Άκουσε τη Μάρα να διηγείται την ιστορία.,en,recounts,,
δικαιολογία,"και πάντα βρίσκω μια δικαιολογία, να πω κάτι για...",en,"justification,excuse",,
δικηγόρος,...πράγματα; Δεν είστε δα δικηγόρος.,en,lawyer,,
δίκιο,Ξέρω ότι έχω δίκιο.,en,right,,
δοκιμάζει,"Πρώτα, δοκιμάζει να μαγειρέψει.",en,"experiences, tries out",,
δοκίμασα,Δοκίμασα μερικά καινούρια κοστούμια.,en,I tried,,
δουλειά,Πηγαίνει στην δουλειά του με το αυτοκίνητό...,en,"job, work",,
δουλειές,...μου απολαμβάνει να κάνει δουλειές στον κήπο.,en,"jobs, housework",,
δουλεύω,Δουλεύω σε ένα γραφείο.,en,I work,,
δούλεψε,"...Λοιπόν, υποθέτω ότι πραγματικά δούλεψε για σένα.",en,worked,,
δουλέψει,Δεν πρέπει να δουλέψει για δύο εβδομάδες.,en,worked,,
δούμε,Ας δούμε τις δεικτικές αντωνυμίες,en,we look,,
δουν,...φίλοι σας μπορούν να δουν τι κάνετε.,en,they see,,
δρόμο,Ο δήμος φτιάχνει το δρόμο εκεί.,en,"street, way",,
δυνατά,Κάθε βράδυ έχουν πολύ δυνατά τη μουσική,en,"hard, strongly;",,
δυνατή,...Αιμιλία δεν είναι πολύ δυνατή.,en,strong,,
δύσκολα,Τα μαθήματα είναι δύσκολα στην κατανόηση,en,hard,,
δύσκολο,...που δεν είναι πολύ δύσκολο για εσάς.,en,difficult,,
δώρο,Πρέπει να αγοράσει δώρο για την Μάδγα.,en,"present, gift",,
δώσω,Θα σας δώσω μερικά επιπλέον παραδείγματα και...,en,I give,,
εαν,Εαν πιστεύετε,en,"(conditiona particle) in case, provided, if",,
εάν,"Εάν έχετε ερωτήσεις, μπορείτε να...",en,if,,
εαυτό,Βρήκα τον άλλο μου εαυτό,en,self (εαυτός),,
εβδομάδες,...να δουλέψει για δύο εβδομάδες.,en,weeks,,
έβρεχε,...τη νύχτα και ότι έβρεχε.,en,rained,,
εγγραφή,να κάνετε εγγραφή στο κανάλι μου.,en,"registration, subscription, recording",,
έγινε,...σήμερα δεν ξέρω τι έγινε,en,"became, happened",,
εγώ,Εγώ θα σ' αγαπώ,en,I,,
έδωσα,"...πήρα στο σπίτι, του έδωσα αγάπη, του έδωσα νερό,",en,I gave,,
ειδικά,"Όταν, δε ειδικά πρέπει να μιλήσεις,",en,"especially, specifically",,
είδους,Α: Τι είδους φαγητά σου αρέσει να...,en,"kind, sort",,
εικονογραφήσεις,Υπάρχουν εικονογραφήσεις για κάθε τύπο φυτού...,en,illustrations,,
είναι,"...γνωρίζει τον Παύλος, αλλά είναι φίλος ενός φίλου.",en,He/She/It is,,
είπαν,"Επίσης, μας είπαν",en,"they told, said",,
εισιτήριο,Το αεροπορικό εισιτήριο κοστίζει πολύ.,en,ticket,,
είτε,Είτε πάω να τους βρω...,en,"either, whether",,
είχαν,Γ: Πάντα είχαν μια δραστήρια ζωή.,en,they had,,
έκανες,Συνεχίζεις να αναρωτιέσαι αν έκανες καλή δουλειά.,en,you did,,
εκείνες,"Εκείνοι, εκείνες, εκείνα",en,those,,
εκείνη,Όμως εκείνη τον περίμενε υπομονετικά.,en,that,,
εκείνο,"Εκείνος, εκείνη, εκείνο",en,that,,
έκοβε,έκοβε τα γραμματόσημα και μου...,en,cut,,
εκτός,"Εκτός από χαρά, λύπη, ή...",en,"except, beside, but, excepting",,
εκφράζουν,"δεν εκφράζουν με ακρίβεια,",en,"express, convey, reflect",,
εκφράσεις,μερικές εκφράσεις από την αρχαία εποχή,en,expressions,,
έκφραση,συνήθως λέμε την έκφραση:,en,expression,,
εκφράσουμε,και για να εκφράσουμε κάποια υποχρέωση.,en,express,,
εκφράσουν,Επίσης όταν θέλουν να εκφράσουν την αγάπη τους,en,express,,
έλεγα,Θα έλεγα μέχρι και πως είναι...,en,I WOULD say,,
έλεγε,...το φυλλάδιο της πεζοπορίας έλεγε ότι δεν θα υπήρχε...,en,said,,
ελεύθερο,Έχει ο Δημήτρης ελεύθερο χρόνο τον χειμώνα?,en,free,,
ελληνικούς,και να ενεργοποιήσετε ελληνικούς ή αγγλικούς υπότιτλους.,en,Greek,,
ελληνικών,...να της κάνω μαθήματα Ελληνικών.,en,Greek,,
ελλήνων,...το εθνικό φαγητό των Ελλήνων είναι η φασολάδα,en,Greeks,,
ελπίζει,Ελπίζει ότι το περιδέραιο θα...,en,hopes,,
ελπίζω,Ελπίζω ότι το περιδέραιο θα...,en,I hope,,
εμένα,Εμένα μου αρέσουν τα αγγλικά...,en,me,,
έμπειρη,...που είμαι πάρα πολύ έμπειρη ταξιδιώτρια και backpacker και...,en,experienced,,
εμπειρία,...για αυτή του την εμπειρία.,en,experience,,
εμπειρίας,...μόνο εκείνης της *μίας* εμπειρίας που είχα με φυτά...,en,experience,,
ενδιαφέροντά,"μιλήσαμε για τα ενδιαφέροντά μας ,",en,interests,,
ενεργοποιήσετε,και να ενεργοποιήσετε ελληνικούς ή αγγλικούς υπότιτλους.,en,enable,,
ενθουσιάζομαι,μερικές φορές ενθουσιάζομαι πάρα πολύ στην ιδέα...,en,enthuse,,
ενθουσιασμένος,Ο Δημήτρης είναι ενθουσιασμένος με τις χειμερινές διακοπές.,en,"excited, enthusiastic",,
ενικό,Στον ενικό και πληθυντικό αριθμό,en,singular,,
ένιωθα,γιατί ένιωθα πως χωρίς τη λίστα...,en,I felt,,
εννοείς,Γ: Εννοείς ότι το σύστημα LingQ...,en,You mean,,
εννοείται,"Κι εννοείται φασόλια , γιατί το εθνικό...",en,of course,,
έννοια,...μπορεί να έχει την έννοια του υποστηρίζω.,en,meaning,,
έννοιες,...οι ηθοποιοί χρησιμοποιούν δύσκολες έννοιες,en,Meanings,,
εννοώ,Γ: Εννοώ ότι ήσασταν έτοιμος να...,en,I mean,,
εντελώς,ή είχαν εξαντληθεί εντελώς.,en,entirely/completely,,
ενώ,"Ενώ το ""εκείνος, εκείνη, εκείνο""",en,while,,
εξαιτίας,Δεν είναι εξαιτίας αυτού του κοριτσιού που...,en,because of,,
έξι,Ο Μιχάλης σηκώνεται στις έξι κάθε πρωί.,en,six,,
εξοικονομήσει,"Αποφασίζει να μελετήσει, να εξοικονομήσει χρήματα, ή να μείνει...",en,save,,
έξω,Τα βραδιά έξω ξενυχτάς,en,out,,
εξωτερική,μιλώντας για την εξωτερική εμφάνιση.,en,"outdoor, external, foreign",,
επαναλαμβάνω,να επαναλαμβάνω συχνά στα βίντεό μου.,en,repeat,,
επειδή,"...είναι τώρα πολύ ευτυχισμένη, επειδή έχει μια γάτα.",en,"because, since, for, as, seeing that",,
επεισόδια,Σειρές που έχουν μικρά επεισόδια και χρησιμοποιούν εύκολο λεξιλόγιο.,en,Episodes,,
επέλεξα,Εγώ επέλεξα το πρώτο.,en,I chose,,
έπεσε,...μάτι μου - εντελώς τυχαία - έπεσε στο ράφι με τα...,en,fell,,
έπεφτε,"...βράδυ, την ώρα που έπεφτε ο ήλιος",en,fall,,
επικίνδυνο,Ο κυκλώνας είναι ένα επικίνδυνο,en,dangerous,,
επιλέγουν,Πολλοί τουρίστες επιλέγουν την Ελλάδα,en,choose,,
επίσης,Η κόρη μου επίσης έχει πολλούς φίλους.,en,"also, too, likewise",,
επιστήμες,...τα μαθηματικά και οι επιστήμες.,en,sciences,,
επιστρέφω,Επιστρέφω στη φίλη μου την...,en,I return,,
επιτάφιος,...την Περιφορά του Επιταφίου. Επιτάφιος είναι ο τάφος του...,en,"epitaph, gravestones",,
επόμενη,...να δοκιμάσουν ξανά την επόμενη εβδομάδα.,en,next,,
επόμενο,...μπορεί να μετακομίσει τον επόμενο χρόνο.,en,next,,
εποχή,"εποχή του χρόνου,",en,season,,
επρόκειτο,Έτσι αυτή την φορά επρόκειτο να πάω στον Καναδά.,en,"was supposed, was going to",,
εργασίας,και μία βεβαίωση εργασίας για να δείξουμε πού...,en,"working, labor",,
έρθω,Μου ζήτησε να έρθω για δείπνο πρόσφατα.,en,come,,
έρχεσαι,Γιατί δεν έρχεσαι μαζί μου;,en,you come/are coming,,
έρχεται,"...δικό μας κόκκινο κρασί, έρχεται αμέσως.",en,comes,,
έρχονται,είμαι πολύ χαρούμενη που έρχονται τα Χριστούγεννα.,en,come,,
ερωτευμένους,τους βαριά ερωτευμένους.,en,in love,,
ερωτεύτηκα,"...φούστα, τη δοκίμασα την ερωτεύτηκα, και τώρα όποτε πηγαίνω...",en,I fell in love,,
ερωτήσεις,,en,questions,,
έστειλαν,με έστειλαν στο αεροδρόμιο του Αράξου,en,sent,,
εστιατόριο,...είναι μάγειρας σε ένα εστιατόριο.,en,restaurant,,
έτρωγε,"Ενώ ο κοντός έτρωγε λίγο,",en,eating,,
ευκαιρία,...είναι μία πολύ καλή ευκαιρία,en,opportunity,,
εύκολα,...μαθήματα θα είναι πιο εύκολα.,en,easily,,
εύκολο,...ένα μάθημα που είναι εύκολο για εσάς.,en,Easy,,
ευτυχισμένος,Ο Μιχάλης είναι ευτυχισμένος όταν μιλάει στους πελάτες.,en,happy,,
ευχηθούν,...παίρνουν τηλέφωνο να σου ευχηθούν ‘'χρόνια πολλά'',en,wish you,,
έφευγα,ήταν η μέρα που έφευγα από τη Πάργα.,en,I was leaving,,
έφτανα,"Όταν επιτέλους έφτανα αργοπορημένη στο ραντεβού μου,",en,I arrived,,
έφτανε,Και σαν να μην έφτανε αυτό μπορεί να τη...,en,reached; it was enough,,
έφτασε,"Τελικά, μόλις έφτασε",en,arrived,,
έφυγαν,"Μου έφυγαν κάποια μικρά σημεία, εδώ.",en,They left,,
έψαξαν,Έψαξαν σε πολλά καταστήματα στην...,en,they searched,,
έψαχνε,"...φορά που έφευγε, πρώτα έψαχνε για το μαγιό του.",en,was looking for,,
ζαχαροπλαστείο,και τα προφιτερόλ στο ζαχαροπλαστείο.,en,confectionery,,
ζήσεις,Φυσικά: ‘'Χρόνια πολλά'' Να ζήσεις! Να χαίρεσαι τη γιορτή...,en,live,,
ζητήσει,...η δασκάλα σας σας ζητήσει,en,ask,,
ζητήσεις,μπορείς να ζητήσεις το τηλέφωνό του,en,ask,,
ζητήσετε,Μπορείτε ακόμη και να ζητήσετε από έναν δάσκαλο να...,en,ask,,
ζητήσω,...Δεν μπορώ να τον ζητήσω.,en,ask,,
ζούσε,"...σε ένα μικρό χωριό, ζούσε μια κοπέλα. Την έλεγαν...",en,She lived,,
ζωή,...γράμμα αυτό αφηγείται τη ζωή του,en,life,,
ζωντανή,"Αντίθετα με μια κανονική ζωντανή συνομιλία,",en,"lively, live, alive",,
η,Η δουλειά του ξεκινάει στις...,en,the,,
ήδη,...για το οποίο έχουμε ήδη μιλήσει,en,already,,
ηλεκτρονική,Α: Ίσως έχασε την ηλεκτρονική σας διεύθυνση.,en,electronics,,
ηλεκτρονικό,"...ακριβώς και σε ένα ηλεκτρονικό παιχνίδι,",en,electronic,,
ήλθατε,Και καλώς ήλθατε και πάλι στο κανάλι...,en,Welcome,,
ηλιόλουστη,"...βλέπετε, είναι μια υπέροχη, ηλιόλουστη Κυριακή,",en,sunny,,
ηλιόλουστος,...καιρός ήταν καλός και ηλιόλουστος.,en,sunny,,
ημερομηνία,"Τώρα, όσα δεν έγραφαν ημερομηνία,",en,"date, ""day of the month""",,
ήπιε,Ο γιος της ήπιε χυμό πορτοκαλιού αντί αυτού.,en,he/ she/ it drank (Πίνω),,
ήρθα,Γι' αυτό ήρθα εδώ σήμερα.,en,I came,,
ήρθαν,Από πού ήρθαν τόσοι άνθρωποι;,en,They came,,
ήρθατε,Καλώς ήρθατε στο LingQ.,en,you came,,
ήρθε,Από που ήρθε τόσος κόσμος;,en,he/she/it came,,
ήσουν,...ποιο σώμα του στρατού ήσουν;,en,you were,,
θέα,...τον καφέ σου με θέα την θάλασσα,en,"view, sight",,
θεατρική,που συμμετέχει σε μία θεατρική παράσταση,en,theater,,
θέμα,"Α: Λοιπόν, στο θέμα μας.",en,"theme, issue",,
θεούς,να μην προκαλεί τους θεούς λέγοντας πως είναι καλύτερη...,en,gods,,
θερμοκρασία,Σήμερα η θερμοκρασία,en,temperature,,
θέση,...εισιτήριο για την καλύτερη θέση που είχε απομείνει.,en,position,,
θησαυρό,...θα βρεις έναν τεράστιο θησαυρό!,en,treasure,,
θυμάμαι,Θυμάμαι πότε μετακόμισε.,en,remember,,
θυμάστε,Θυμάστε που στο τελευταίο βίντεο,en,Remember,,
θυμήσου,,en,remember!,,
θυμίζει,...ωραία ατμόσφαιρα που μας θυμίζει την Ιταλία και την...,en,reminds,,
ιαπωνικά,Άρχισα να πηγαίνω σε ιαπωνικά εστιατόρια και ήμουν τόσο...,en,Japanese,,
ιδέα,Αυτή είναι μια καλή ιδέα.,en,idea,,
ίδια,...LingQs που έχουν την ίδια ετικέτα.,en,same,,
ίδιο,Κάνει το ίδιο πράγμα κάθε μέρα.,en,same,,
ίσως,"Α: Πάω αρκετά συχνά, ίσως μια φορά την εβδομάδα.",en,"perhaps, maybe, may",,
ιωαννίδου,...πολύ την κυρία Μαργαρίτα Ιωαννίδου η οποία μου έστειλε...,en,Ioannidou,,
καθαρά,ονομάζεται Καθαρά Δευτέρα,en,"clean, clear, clearly, net",,
καθαρίζουμε,επειδή καθαρίζουμε τον χαμό,en,clean,,
καθάρισμα,...φαγητού και κυρίως στο καθάρισμα.,en,cleaning,,
καθαρό,Πρέπει να έχω έναν καθαρό και τακτοποιημένο χώρο,en,"clean, pure",,
κάθε,...Μιχάλης σηκώνεται στις έξι κάθε πρωί.,en,Each,,
κάθεται,Κάθεται δίπλα στον πάγκο με...,en,he/ she/ it sits,,
καθημερινά,"Και το χρησιμοποιούμε καθημερινά,",en,daily,,
καθημερινό,Οι Έλληνες στον καθημερινό τους λόγο,en,"daily, everyday",,
καθημερινότητά,στην καθημερινότητά μας.,en,everyday life,,
καθόλου,"...απογεύματα, και δεν έχει καθόλου ελεύθερο χρόνο τις Δευτέρες.",en,"not at all, none, any",,
και,Φτιάχνει πρωινό και πίνει καφέ.,en,and,,
καινούρια,...Λίζα θέλει να αγοράσει καινούρια παπούτσια.,en,new,,
καιρός,Ο καιρός περνάει.,en,"n. time, weather",,
και τα δύο,...μπορώ να τα έχω και τα δύο.,en,both,,
κακοί,"πολύ κακοί, ότι δηλαδή, οι κακοί...",en,bad,,
κάκτο,...και έφερε αυτό τον κάκτο,en,cactus,,
κάκτοι,"...ότι, επειδή γενικά οι κάκτοι είναι πολύ εύκολο να...",en,cacti,,
κάκτος,...είναι τώρα ένας χαρούμενος κάκτος.,en,Cactus,,
καλημέρα,Α: Καλημέρα,en,good day,,
καλοκαιρινά,"...με βλέπετε να φοράω, καλοκαιρινά ρούχα.",en,summertime,,
καλωσορίζουμε,γιατί έτσι καλωσορίζουμε την άνοιξη,en,Welcome,,
κανάλι,...ήλθατε και πάλι στο κανάλι μου,en,"channel, canal",,
κανένα,Δε με νοιάζει για κανένα,en,"no, none, no one",,
κάνετε,"Γεια σας, Τι κάνετε?",en,you (formal singular; plural) are doing/ you do,,
κανόνες,Δεν θα μάθετε γραμματικούς κανόνες.,en,rules,,
κανονικά,διαρκεί κανονικά τρεις ώρες.,en,normally,,
κανονικές,δε θα πρότεινα ούτε κανονικές ταινίες,en,normal,,
κάντε,"Απλώς κάντε ό,τι λέω και θα...",en,Make,,
κάποιες,Και τώρα κάποιες ερωτήσεις.,en,some,,
κάποιοι,είναι κάποιοι από τους ελληνικούς χειμερινούς...,en,some,,
κάποιον,Σε κάποιον ή κάτι,en,someone,,
κάποιος,...όταν μου την σύστησε κάποιος για να της κάνω...,en,Someone,,
κάπου,Οπότε θα πάει κάπου φθηνά.,en,"(adv) somewhere, about; about, some, approximately, something like, or so; (κάπου-κάπου) sometimes, occasionally, now and then [ κάπου ]*",,
καραβάκια,...στη θάλασσα έχει μικρά καραβάκια και βάρκες .,en,small boats,,
καρδιάς,μεταξύ της καρδιάς και του μυαλού.,en,heart,,
καρέκλα,Α: Είναι στην καρέκλα δίπλα στο τραπέζι.,en,chair,,
κατά,"Έτσι, κατά κάποιο τρόπο μόνο μένω...",en,at/against/on/during,,
καταλαβαίνουμε,είτε επειδή δεν καταλαβαίνουμε,en,understand,,
κατάλογο,Ας ζητήσουμε τον κατάλογο από το σερβιτόρο.,en,"list, catalogue, menu",,
κατάλογος,Αν δεν υπάρχει κατάλογος στο τραπέζι και χρειάζεστε...,en,"(nm) list, catalog; directory, menu",,
κάτασπρα,"...φρύδια μου είναι τελείως κάτασπρα, δεν ξέρω αν μπορείτε...",en,pure white,,
καταστάσεις,για να τακτοποιηθούν δύσκολες καταστάσεις.,en,situations,,
κατάστημα,...σπίτι και βλέπει ένα κατάστημα κατοικίδιων ζώων.,en,shop,,
καταστήματα,...επίσης πολλές δουλειές σε καταστήματα.,en,stores,,
καταφέρει,...δύσκολο που έχετε ήδη καταφέρει.,en,managed,,
καταφέρουμε,για να τον καταφέρουμε.,en,manage,,
κατεβάσεις,Μην ξεχάσεις να κατεβάσεις το FREE PDF,en,download,,
κατεβούμε,...πάμε εκεί πρέπει να κατεβούμε αυτή τη μεγάλη σκάλα.,en,descend,,
κάτι,Σε κάποιον ή κάτι,en,something,,
καφέ,Φτιάχνει πρωινό και πίνει καφέ.,en,coffee,,
κει,...από δω κι από κει.,en,here and there,,
κειμένου,...βρει τη σημασία του κειμένου.,en,text,,
κενταύρων,...για το μονοπάτι των Κενταύρων.,en,Centaurs,,
κεφαλαίο,...της εβδομάδας γράφονται με κεφαλαίο.,en,"capital letters, upper case",,
κι,Κι ας λεν οι άλλοι...,en,and,,
κίνηση,Ο αυτοκινητόδρομος έχει πολλή κίνηση.,en,"traffic, motion, movement",,
κινητό,...να αγοράσει ένα τέτοιο κινητό,en,mobile,,
κλαίει,"κλαίει, για παράδειγμα.",en,crying,,
κλασικό,Είναι πολύ κλασικό φαγητό.,en,classic,,
κλασσικά,κλασσικά αργούσα 5 με 10...,en,"classically,classic",,
κλείσεις,Ίσως χρειαστεί να κλείσεις τραπέζι,en,"you close, cover over, shut",,
κλείσουν,κυριολεκτικά μισή ώρα πριν κλείσουν τα μαγαζιά.,en,close,,
κλίμα,και το κλίμα πιο οικογενειακό,en,"(nn) climate; atmosphere, mood, ambiance [ κλίμα ]",,
κοιμηθώ,και δεν μπορώ να κοιμηθώ.,en,sleep,,
κοινά,τα μέλη μοιράζονται κάποια κοινά χαρακτηριστικά.,en,common,,
κοινή,"...η ρίζα τους είναι κοινή,",en,common,,
κοκα,-1 μεγάλη κοκα κολα,en,coke,,
κολεξιόν,τι κολεξιόν έχει ο Dior φέτος...,en,collections,,
κομμάτι,"...αποδεικνύει αυτό το δημιουργικό κομμάτι της προσωπικότητάς μου,",en,"piece, part, cut",,
κομμάτια,Βλέπεις ότι έχει μεγάλα κομμάτια.,en,pieces,,
κομπιούτερ,...πολλές φορές τα λέει ''κομπιούτερ'',en,computer,,
κομπλιμέντο,"...μπορείς να κάνεις ένα κομπλιμέντο,",en,compliment,,
κονσίλερ,"Δεν έχω φορέσει κονσίλερ, δεν έχω φορέσει τίποτα...",en,concealer,,
κοντά,Που βρίσκεται κοντά μας,en,close,,
κοντοσούβλι,αυτό λέγεται ‘'κοντοσούβλι'' κοτόπουλο. Είναι σαν σουβλάκι...,en,kontosubli,,
κόρη,Η κόρη μου πηγαίνει στο σχολείο...,en,daughter,,
κόσμημα,αυτό εδώ το κόσμημα.,en,"jewel,gem,ornament",,
κόσμο,...το μπαρ έχει αρκετό κόσμο.,en,people/world,,
κοσμοπολίτικο,Γιατί συνδυάζει... είναι κοσμοπολίτικο νησί... δηλαδή έχει...,en,cosmopolitan,,
κόσμος,Από που ήρθε τόσος κόσμος;,en,"world, people",,
κοστίζει,Το αεροπορικό εισιτήριο κοστίζει πολύ.,en,costs,,
κουμ,και αυτό είναι κουμ κουάτ. Μου το έφερε...,en,kumquat,,
κουρασμένος,...ακόμη βαριέται και είναι κουρασμένος.,en,tired,,
κουράστηκες,Αν λοιπόν αισθάνεσαι ότι κουράστηκες λίγο να διαβάζεις ελληνικά...,en,you are tired,,
κουσκουσάκι,Λέγεται κουσκουσάκι ή αλλιώς κους κους.,en,couscous,,
κόψουμε,μπορούμε να κόψουμε τα μαλλιά μας,en,cut,,
κρεβάτι,...τον γιο τους στο κρεβάτι στις οκτώ.,en,bed,,
κρέμες,"...πάρα πολύ να αγοράζω κρέμες, μου αρέσει πάρα πολύ...",en,creams,,
κρητική,"Στην Κρήτη η κρητική λύρα, στην Ήπειρο το...",en,Cretan,,
κτίρια,...σας μιλήσω για τα κτίρια.,en,buildings,,
κτιρίων,...πολύ η αρχιτεκτονική των κτιρίων στη Βουδαπέστη.,en,buildings,,
κυριάκος,Ο Κυριάκος κάνει διάλειμμα στο σχολείο.,en,Kyriacos,,
κυριολεκτικά,"Κυριολεκτικά κλαίω, όταν είμαι στεναχωρημένη,",en,literally,,
κυρίως,"Στην Ελλάδα, τον χειμώνα κυρίως βρέχει,",en,"mainly, principally, chiefly",,
κώμα,το κώμα,en,The coma,,
κωνσταντίνου,"...και το Χρήμα'' του Κωνσταντίνου Θεοτόκη, που είναι μία...",en,Constantine,,
κωνσταντινούπολης,Γιατί η άλωση της Κωνσταντινούπολης έγινε Τρίτη 29 Μαΐου...,en,Constantinople,,
κώστας,Κώστας Καραμανλής στην πρόταση δυσπιστίας...,en,Costas,,
λάθη,...να μάθετε από τα λάθη σας.,en,errors,,
λάθος,...σώματα αν δεν κάνω λάθος.,en,"wrong/ incorrect, mistake",,
λαχανικά,Θα αγοράσει πολλά λαχανικά για τα ζυμαρικά.,en,"greens, vegetables",,
λέγονται,"...τις δύο τελείες , που λέγονται διαλυτικά.",en,they are called,,
λείπει,Α: Τους λείπει η πόλη;,en,"absent, missing",,
λέξεων,...τη σημασία των νέων λέξεων και φράσεων.,en,word  term,,
λεξιλόγιό,...λοιπόν να εμπλουτίσουμε το λεξιλόγιό μας,en,vocabulary,,
λεξούλες,"ανήκουν όλες εκείνες οι λεξούλες,",en,little words,,
λεπτά,"Γ: Όχι, είναι μόλις 30 λεπτά με το αυτοκίνητο...",en,minutes/thin,,
λεπτό,Σκέφτεται για ένα λεπτό.,en,minute,en,"minute, fine, thin, slender"
λέτε,Α: Γιατί το λέτε αυτό; Πού το ξέρετε;,en,say,,
λεωφορείο,...ακούσετε όταν βρίσκεστε στο λεωφορείο.,en,bus,,
λίζα,Η Λίζα θέλει να αγοράσει καινούρια...,en,Lisa,,
λίστα,Ελέγχει την λίστα με τις καινούριες ταινίες...,en,list,,
λογαριασμό,...χρήματα του κόσμου για λογαριασμό τους.,en,"bill, account",,
λόγια,"Με άλλα λόγια, όταν στα αγγλικά θέλετε...",en,"words,talking",,
λοιπά,...η Νικήτη και τα λοιπά .,en,other,,
λοιπόν,Α: Λοιπόν εντάξει.,en,"so, thus, well, then, now",,
λύκειο,Ο Γιάννης είναι στο Λύκειο.,en,high school,,
μα,Γ: Μα πρέπει να με βοηθήσετε.,en,but,,
μαγαζί,"...αν πήγαινα σε ένα μαγαζί πριν την δουλειά, θα...",en,shop,,
μαγαζιά,Τέτοια μαγαζιά προτιμούν συνήθως οι εργαζόμενοι...,en,shops,,
μαγαζιού,"Το όνομα του μαγαζιού ) λέγεται , παρακαλώ!",en,shop,,
μάγειρας,Ο Μιχάλης είναι μάγειρας σε ένα εστιατόριο.,en,cook,,
μαγειρεύουμε,Οι Έλληνες συνήθως μαγειρεύουμε τους γίγαντες στον φούρνο,en,cook,,
μαγείρεψες,"...σου είναι τέλειο, το μαγείρεψες πάρα πολύ ωραία και...",en,you cook,,
μαζί,Μαζί σου όλα τα μπορώ,en,together,,
μαθαίνει,Ο Ξενοφών σας μαθαίνει Ελληνικά,en,teaches,,
μαθαίνοντας,Αν διασκεδάζετε μαθαίνοντας θα μαθαίνετε καλύτερα.,en,learning,,
μακριά,Που βρίσκεται λίγο πιο μακριά,en,away,,
μάλιστα,Α: Τώρα μάλιστα.,en,"even, indeed",,
μάλλον,Μάλλον δεν έχω αρκετό τσαγανό.,en,probably,,
μανικιούρ,"ή κρέμες ή μανικιούρ και τα λοιπά, γιατί...",en,manicure,,
μαραθώνιο,...λάβω μέρος σε ένα μαραθώνιο.,en,marathon,,
μαργαρίτα,...πάρα πολύ την κυρία Μαργαρίτα Ιωαννίδου η οποία μου...,en,daisy,,
μαρμελάδα,με μέλι αλλά και μαρμελάδα ή βούτυρο.,en,"marmalade, jam",,
μάρτη,...τη φωτιά καίμε τον μάρτη.,en,March,,
με,Πηγαίνει στην δουλειά του με το αυτοκίνητό του.,en,with,,
μεγαλώνω,και μεγαλώνω μια κατάσταση.,en,grow up,,
μεγάλωσα,Εκεί μεγάλωσα.,en,I grew up,,
μέλι,"...είτε σιρόπι αγαύης, είτε μέλι.",en,honey,,
μένα,"...είναι πολύ σημαντικό για μένα, όπως θα καταλάβετε.",en,me,,
μέρη,...θα επισκεφθεί μερικά φημισμένα μέρη στην πόλη.,en,places; parts,,
μερικά,Θα σας δώσω μερικά επιπλέον παραδείγματα και πληροφορίες,en,a few,,
μερικές,Έχει μερικές ημέρες άδεια τον χειμώνα.,en,a few,,
μερικοί,Μερικοί πελάτες είναι φιλικοί προς...,en,Some,,
μέρος,...Ανδρέας προχωρά προς το μέρος με τα λαχανικά.,en,part,,
μέση,...μην τη διακόψουμε στη μέση,en,"middle, center",,
μετά,Μετά έχουμε τη δεικτική αντωνυμία,en,After,,
μετακομίσει,Θέλει να μετακομίσει σε ένα νέο διαμέρισμα.,en,moved,,
μεταφορικά,τη χρησιμοποιούμε μεταφορικά.,en,"figuratively, metaphorically",,
μεταφράσουμε,να μεταφράσουμε τα βίντεό μου και...,en,translate,,
μέχρι,Α: Συνήθως οδηγώ μέχρι τα γύρω βουνά.,en,"until, as far as, to",,
μη,Α: Θα μπορούσε να μη σας γράφει για διάφορους...,en,not (alternate negation of Δεν),,
μην,Ίσως να μην μπορεί να μάθει πως...,en,"not, don't",,
μήπως,Ανησυχούσα πολύ μήπως βρεθώ σε αμήχανη θέση.,en,Maybe,,
μηχανή,"...δηλαδή μία Αυτόματη, Ταμειακή Μηχανή.",en,machine,,
μηχανικό,"Το μηχανικό μου μολύβι, η πένα...",en,"engineer, engine, mechanical",,
μικρής,"...χρήματα , ένα χρηματικό ποσό μικρής αξίας.",en,short,,
μιλήσουμε,Και σήμερα θα μιλήσουμε για τις δεικτικές αντωνυμίες,en,talk,,
μιλούσαν,...Σάσα και η Τζένη μιλούσαν για αυτό κάθε μέρα...,en,speaking,,
μιλώντας,μιλώντας για την εξωτερική εμφάνιση.,en,speaking,,
μισό,Παρακαλούμε να μας φέρετε μισό μπουκάλι από το δικό...,en,half,,
μιχάλης,Ο Μιχάλης σηκώνεται στις έξι κάθε...,en,(michális) - Michael,,
μόδα,"...άποψη σχετικά με τη μόδα, με τα ρούχα, με...",en,fashion,,
μοιάζει,Ο αδερφός σας σας μοιάζει.,en,"looks like, resembles",,
μοιραζόμαστε,Δε μοιραζόμαστε το ίδιο κρεβάτι!,en,"""share""",,
μοιραστώ,"Σήμερα, θα μοιραστώ μαζί σας,",en,share,,
μόλις,"Γ: Όχι, είναι μόλις 30 λεπτά με το...",en,"just, barely, hardly, only; as soon as, once",,
μοναδικό,και αυτό ήταν το μοναδικό σημείο,en,single,,
μόνη,"Γ: Αν είμαι μόνη, βράζω λίγη σούπα και...",en,"alone, by myself",,
μονόλογο,Και έκανα αυτό το μονόλογο για να σου πω...,en,monologue,,
μοντέλο,...έχω αποφασίσει ακόμη ποιο μοντέλο.,en,model,,
μπαλκόνι,...το δωμάτιό σου στο μπαλκόνι.,en,balcony,,
μπαταρίες,"το πληκτρολόγιο μου, μπαταρίες για την κάμερα, το...",en,batteries,,
μπλούζα,...αφήνει να φοράω όποια μπλούζα θέλω.,en,blouse,,
μπορώ,Μπορώ να συναντήσω πολλούς φιλικούς ανθρώπους.,en,Can,,
μπουκάλι,...Συνήθως θα ανοίξω ένα μπουκάλι κρασί με το γεύμα.,en,bottle,,
μπροστά,...φορά που θα μιλήσει μπροστά σε μεγάλο ακροατήριο.,en,"in front of, before, forward",,
μυαλό,"Δηλαδή ,το μυαλό συμβολίζει τη λογική,",en,"mind,brain",,
μυθολογίας,...θα βρεις βίντεο ελληνικής μυθολογίας κι ελληνικής ιστορίας με...,en,mythology,,
μύκονο,"...Κρήτη, στην Πάρο, στη Μύκονο, στη Χίο,",en,Mykonos,,
μυστικά,θα σου πω τα μυστικά μου !,en,"secretly, secret",,
ναι,"Ναι, ο Μιχάλης σηκώνεται στις...",en,Yes,,
νέες,Θα μάθετε πολλές νέες λέξεις.,en,new,,
νερό,Αλλά φοβάται το νερό.,en,water,,
νευρικός,Είναι νευρικός και αναρωτιέται τι να...,en,nervous,,
νησάκια,Νησάκια όπως οι Σπέτσες ή...,en,islands,,
νησιά,...παραθαλάσσιες περιοχές και στα νησιά,en,islands,,
νίκη,...είναι η λέξη νοίκι-νίκη.,en,"victory, win",,
νιώθεις,...πολύ αποφασιστική και δε νιώθεις εύκολα αμήχανα.,en,feel,,
νιώθουμε,"όταν δε νιώθουμε καλά,",en,Feel,,
νιώθω,Δε νιώθω ότι είναι σωστό.,en,I feel,,
νιώσει,αν έχετε νιώσει παρόμοια συναισθήματα,en,feel,,
νοήματα,...μπορεί να έχει δύο νοήματα.,en,"signs, meanings (νόημα)",,
νοιάζει,Δε με νοιάζει για κανένα,en,He/she/it cares,,
νομίζω,Νομίζω ότι είναι πολύ βαρετές.,en,Think,,
νομικά,και πρέπει να τιμωρείται νομικά.,en,legally,,
νοσοκομείο,"πριν πάει στο νοσοκομείο,",en,hospital,,
νωρίς,Σηκώνεται νωρίς ο Μιχάλης?,en,"early (before the expected time)soon",,
νωρίτερα,πάω πάντα νωρίτερα στη δουλειά μου.,en,earlier,,
ξανά,Ίσως μπορούν να δοκιμάσουν ξανά την επόμενη εβδομάδα.,en,"again, previously",,
ξαναδεί,...το οποίο το έχω ξαναδεί και το έχω ξανακούσει,en,seen again,,
ξανακούσει,Α: Δεν την έχω ξανακούσει αυτή την τράπεζα.,en,heard,,
ξαναπροσπαθήσετε,Αλλά πρέπει να ξαναπροσπαθήσετε,en,try again,,
ξαφνικά,"Ξαφνικά ο κοντός βλέπει μακριά,",en,suddenly,,
ξεκίνησα,Μαντέψτε τι ξεκίνησα.,en,I started,,
ξεκινήσει,Προσπαθεί να ξεκινήσει το αυτοκίνητο της.,en,started,,
ξέχασα,Αλλά ξέχασα πώς να φτιάχνω την...,en,I forgot,,
ξεχάσει,Αλλά ο Ερρίκος είχε ξεχάσει το βιβλίο του.,en,forgotten,,
ξεχάσετε,Θα τους ξεχάσετε.,en,forget,,
ξεχασμένο,"...πάρα πολλά χρόνια, λίγο ξεχασμένο.",en,Forgotten,,
ξεχνάμε,και ξεχνάμε την ουσία.,en,forget,,
ξημερώνει,λέμε ότι ξημερώνει.,en,"dawn,It dawns,dawned",,
ξύπνησα,"και ξύπνησα στις 3:00,",en,I woke up,,
ο,Ο Μιχάλης σηκώνεται στις έξι...,en,the (m. nom. sin.),,
οδήγησης,έχω το δίπλωμα οδήγησης.,en,driving,,
οθόνη,Θέλει μια μεγάλη οθόνη στον υπολογιστή της.,en,"screen, monitor",,
οικογενειακή,"και φιλική, οικογενειακή ατμόσφαιρα.",en,family,,
όλα,Μαζί σου όλα τα μπορώ,en,all,,
ολόκληρες,Χρειάστηκα δύο ολόκληρες μέρες για να συνηθίσω...,en,"whole, entire",,
ολόκληρη,Θα έχει μια ολόκληρη τσάντα με ζυμαρικά νούντλς.,en,entirely; altogether; solely,,
ολόκληρος,Εχει ανοίξει ολόκληρος! Τα παιδάκια το απολαμβάνουν!,en,"whole,entire",,
ομάδα,"...ακολουθείται από μια ποδοσφαιρική ομάδα ή ένα πολιτικό κόμμα,",en,"group, team",,
όμηρος,Ο Όμηρος ήταν ένας αρχαίος ποιητής,en,Homer,,
ομορφιάς,"...τα λοιπά, ηλεκτρονικά, πράγματα ομορφιάς, random πράγματα,",en,beauty,,
όμως,"...πελάτες δεν είναι καλοί, όμως.",en,Nevertheless,,
ονομάζεται,Η καλύτερη της φίλη ονομάζεται Αμαλία.,en,is called,,
οποία,Και τα οποία έχουν τρία διαφορετικά χρώματα.,en,"that, which, who, whom",,
οποίο,...ένα ουσιαστικό για το οποίο έχουμε ήδη μιλήσει,en,which,,
οποίος,ο οποίος μόλις τελείωσε τη στρατιωτική...,en,which,,
οποίους,...άλλοι λόγοι για τους οποίους θες ο Γιώργος να...,en,whom,,
όποτε,Μιλάτε όποτε θέλετε.,en,whenever,,
οπότε,Οπότε θα πάει κάπου φθηνά.,en,so; whenever,,
όπως,"...τη στιγμή, αλλά ευχαριστώ όπως και να 'χει.",en,"as, such as, like",,
οργανισμού,αποτοξίνωσης του οργανισμού μας από ζωικά προϊόντα.,en,Organization/organism body,,
ορίστε,Α: Ορίστε;,en,pardon me,,
ορόφους,από τέσσερις ορόφους.,en,floors,,
όσα,Όσα αγόρια κλείνουν τα 18...,en,"what, as many",,
όση,Έτσι αυτό θα ετοιμάζεται όση ώρα εσύ κοιμάσαι.,en,as much,,
όσο,...ταινίες επιστημονικής φαντασίας τόσο όσο οι ταινίες δράσης.,en,"as, while",,
όταν,Ο Μιχάλης είναι ευτυχισμένος όταν μιλάει στους πελάτες.,en,when,,
ότι,Ότι και να λεν οι...,en,that (conjunction),,
"ό,τι","Ό,τι κι αν κάνεις προσπάθησε...",,,,
οτιδήποτε,Γ: Διαφωνεί με οτιδήποτε λέω.,en,"Anything, whatever",,
ουζάκια,και ήπιαμε τα ουζάκια μας δίπλα στο κύμα,en,ouzaki ( plural),,
ουσία,και ξεχνάμε την ουσία.,en,the essence,,
ούτε,...ότι δεν είναι παντρεμένος ούτε έχει σχέση με αυτό...,en,neither,,
πάει,Θέλει να πάει διακοπές.,en,go,,
παίζαμε,και παίζαμε όλοι μαζί.,en,we played,,
παίζουν,...πολλές φορές βλέπω να παίζουν και διάφορα παιχνίδια.,en,play,,
πακέτα,ή πακέτα.,en,"packages,packets",,
πακετάρω,να πακετάρω,en,pack,,
πακέτο,...περίπτερο και αγόρασα ένα πακέτο σπίρτα.,en,"packet, package",,
πάλι,Και καλώς ήλθατε και πάλι στο κανάλι μου,en,"again, afresh, anew, more",,
παλιά,...του Κάρολου είναι πολύ παλιά.,en,"old, once, formerly, long ago",,
παλιό,Αλλά είναι παλιό και άδειο.,en,old,,
παλιός,Ο υπολογιστής της είναι παλιός και αργός.,en,old,,
πάμε,Γ: Μπορούμε να πάμε αργότερα.,en,we go/let’s go,,
πάνε,...κλείνουν τα 18 τους χρόνια πάνε στρατό.,en,they go,,
πανεπιστήμιο,"...περίπτωση που πας και πανεπιστήμιο,",en,University,,
πανεπιστήμιου,Η Κλαίρη είναι φοιτήτρια πανεπιστήμιου.,en,University,,
πανεπιστημίου,Η Κλαίρη είναι φοιτήτρια πανεπιστημίου.,en,of a university,,
πανεύκολο,...δύσκολο; Δε νομίζω!Ήταν πανεύκολο!,en,"easy, a piece of cake",,
πάντα,Υπάρχει πάντα το οριστικό άρθρο πριν...,en,"always, ever, forever",,
παντρεύεται,...πολύ καλή μας φίλη παντρεύεται.,en,married,,
πάντων,Γ: Τέλος πάντων.,en,everything,,
πάνω κάτω,Γ: Πάνω κάτω πότε ήταν; Πρέπει να...,en,"about, approximately",,
πάρα,Της αρέσει το σχολείο πάρα πολύ.,en,too,,
παρά,...αρέσουν περισσότερο οι κωμωδίες παρά οι ρομαντικές ταινίες.,en,"despite, compared to",,
παραγγείλαμε,Εμείς παραγγείλαμε δύο καφέδες και έναν...,en,we ordered,,
παραγγείλεις,"Αν παραγγείλεις, λοιπόν, κρασί",en,order,,
παραγγελία,"Καλησπέρα σας, μια παραγγελία θα ήθελα",en,order,,
παράδειγμα,Για παράδειγμα,en,example,,
παραδείγματα,...σας δώσω μερικά επιπλέον παραδείγματα και πληροφορίες,en,examples,,
παραδείγματά,...μάθαμε σήμερα και τα παραδείγματά τους,en,examples,,
παραδοσιακά,Παραδοσιακά την Καθαρά Δευτέρα τρώμε,en,traditional,,
παρακαλώ,,,,,
παραλία,...αποφάσιζε να πάει στην παραλία.,en,"seacoast, seashore, seaside, shore",,
παραλίες,αλλά και τις ομορφότερες παραλίες.,en,beaches,,
παραπάνω,...Νομίζω ότι είναι κάτι παραπάνω από αυτό.,en,"further, higher, more",,
παρέα,Συνηθίζουμε να πηγαίνουμε σινεμά παρέα αλλά χθες συναντηθήκαμε για...,en,"together, company, party, companionship",,
πάρεις,Τι θα πάρεις;,en,"you get, you take",,
πάρκα,στα πάρκα και στις πλατείες.,en,parks,,
πάρκο,...εντάξει. Να είσαι στο πάρκο μιας πόλης είναι εύκολο...,en,park,,
παρόμοια,προφέρονται παρόμοια.,en,"(adj) similar [to], akin, suchlike (adv ~α) likewise, alike, similarly [ παρόμοιος ]",,
πάρουμε,"Λοιπόν, τι θα πάρουμε;",en,we take,,
πάρω,"Γ: Ναι, θα πάρω φασολάδα για αρχή.",en,"I get, take",,
πάτε,...και πού θέλετε να πάτε.,en,go,,
πατέρες,...τα παιδιά θάβουν τους πατέρες τους,en,fathers,,
παύση,...την επιλογή να πατήσεις παύση,en,pause,,
πει,ας μας πει τώρα ο Δημήτρης στην...,en,say,,
πεινασμένους,Φτιάχνει φαγητό για πεινασμένους πελάτες.,en,hungry,,
πελάτες,Φτιάχνει φαγητό για πεινασμένους πελάτες.,en,customers,,
πένθιμη,Και είναι μία πολύ πένθιμη μέρα σήμερα και γι...,en,mournful,,
πεντακόσια,"Γ: Αν σας έδινα πεντακόσια δολάρια, θα το κάνατε;",en,five hundred,,
πέρα,Γ: Το πάρκαρα εκεί πέρα στη γωνία.,en,"beyond, past, over",,
περασμένη,Την περασμένη εβδομάδα στα Webinar courses...,en,"last, past, previous",,
περιβάλλον,"...σε αυτό το πολυπολιτισμικό περιβάλλον,",en,"environment, atmosphere, ambiance",,
περιγράφει,και μας περιγράφει την τότε πραγματικότητα,en,describes,,
περιγραφής,...βρίσκεται στο κουτί της περιγραφής.,en,description,,
περίεργες,και περίεργες εκφράσεις,en,"bizarre, strange",,
περίπου,...Είμαι στην εταιρεία μου περίπου 5 χρόνια.,en,"about, approximately",,
περιπτώσεις,...για όλες εκείνες τις περιπτώσεις,en,"cases, occasions, instances (περίπτωση)",,
περίπτωση,"Σε περίπτωση που το ¨αυτός, αυτή...",en,"case, occasion, circumstance, instance",,
περισσότερα,Σύντομα θα καταλαβαίνετε περισσότερα.,en,"more, most",,
περισσότερες,...θα δείτε όλο και περισσότερες κίτρινες λέξεις και φράσεις...,en,Most,,
περισσότερο,"...σας ενδιαφέρει, θα προσπαθήστε περισσότερο να το καταλαβαίνετε.",en,more,,
περιστάσεις,και σε διάφορες περιστάσεις.,en,conditions,,
περίσταση,...είναι πάρα πολύ καλή περίσταση να κάνω ένα κέικ.,en,"circumstance, occasion",,
περνάει,Ο καιρός περνάει.,en,passes,,
περπάτημα,γι'αυτό πάω για περπάτημα.,en,walking,,
πέτρα,η πέτρα,en,The rock,,
πέτρες,...μου είχε κάτι περίεργες πέτρες,en,stones,,
πήγα,πήγα στρατό αφού πήρα το...,en,I went,,
πηγαίνει,Πηγαίνει στην δουλειά του με...,en,goes,,
πήρα,"πήγα στρατό αφού πήρα το πτυχίο μου,",en,"I took, got, received",,
πια,Δε μου γράφει πια.,en,"anymore, no longer",,
πιθανόν,Πιθανόν είναι πολύ απασχολημένος για...,en,possibly,,
πιλάτες,Ξεκίνησα πιλάτες.,en,pilates,,
πίνει,Φτιάχνει πρωινό και πίνει καφέ.,en,drinks,,
πιο,Που βρίσκεται λίγο πιο μακριά,en,"more, most",,
πισίνα,"...όμορφη, για παράδειγμα, η πισίνα",en,pool,,
πίστευαν,τις οποίες πίστευαν οι Έλληνες,en,thought,,
πιστεύουμε,Γιατί πιστεύουμε ότι θα έχουμε 7...,en,we believe,,
πίσω,...πρόταση δυσπιστίας: «Δεν κρύβομαι πίσω από τη βουλευτική ασυλία»,en,back,,
πιω,...να κοιμηθώ και να πιω νερό.,en,drink,,
πλάνα,Ακύρωσα όλα τα πλάνα που είχα για αυτή...,en,"(nn) plan, scheme; (film, video) shot [ πλάνο ]",,
πλανήτες,"...Γη, για τους άλλους πλανήτες και τα λοιπά, δεν...",en,planets,,
πλανήτης,"...την οποία είμαι, ο πλανήτης είναι πάρα πολύ μεγάλος...",en,planet,,
πλάνο,"...πεζοπορία δεν ήταν στο πλάνο μας, δεν ήταν στα...",en,"plan, design; shot",,
πλάτη,...κατηγορούσε πίσω από την πλάτη μου.,en,back,,
πλένω,εγώ το πλένω περίπου πέντε ή έξι...,en,"I wash, I am washing",,
πληθυντικό,Στον ενικό και πληθυντικό αριθμό,en,plural,,
πληκτρολόγιο,Και θέλει ένα καλό πληκτρολόγιο.,en,keyboard,,
πληρώσουμε,...ήρθε η ώρα να πληρώσουμε.,en,we pay,,
πόζα,"...μπορούσα να κάνω καμία πόζα, και πολλές φορές δεν...",en,pose,,
πολλές,Οι πελάτες είναι από πολλές χώρες.,en,a lot,,
πολυκατάστημα,...ότι δουλεύει σε ένα πολυκατάστημα.,en,department store,,
πόντκαστ,"...για τα γενέθλια του πόντκαστ,",en,podcast,,
ποτάμια,"...σε πισίνα, ούτε σε ποτάμια, ούτε πουθενά.",en,rivers,,
ποτήρια,"τα πιρούνια, τα ποτήρια.",en,glasses,,
ποτίζω,"...φορά την εβδομάδα τα ποτίζω, δείχνουν χαρούμενα, άρα μάλλον...",en,"water, irrigate",,
ποτό,Μπορούμε να πιούμε ένα ποτό πριν πάμε στο εστιατόριο.,en,beverage,,
που,Από που ήρθε τόσος κόσμος;,,,,
πού,Από πού ήρθαν τόσοι άνθρωποι;,en,where,,
πουθενά,όμως δεν τη βρήκα πουθενά.,en,"somewhere, nowhere",,
πουκάμισο,και φοράει χακί πουκάμισο.,en,shirt,,
πουλάει,...επίσης ένα μαγαζί που πουλάει φρούτα και λαχανικά.,en,sells,,
πουλάνε,...μικρές καντίνες οι οποίες πουλάνε κάστανα.,en,they sell,,
πουλούσαν,...σε μία γωνία ότι πουλούσαν αυτά τα μικρά φυτά.,en,sold,,
πουλούσε,"...ένα μαγαζί το οποίο πουλούσε κεραμικά, πολύ ωραία κεραμικά!",en,sold,,
πράγματά,"μαζεύαμε τα πράγματά μας,",en,things,,
πραγματικά,Γ: Όχι πραγματικά.,en,"really, actually, factually",,
πράξη,"Τέλος, αν μία πράξη επαναλαμβάνεται συνέχεια",en,act,,
πριν,...πάντα το οριστικό άρθρο πριν από το ουσιαστικό,en,"before, prior, earlier",,
προβλήματα,...να μη μου προκαλέσει προβλήματα.,en,problems,,
προέρχεται,"αλλά η λέξη προέρχεται από το ρήμα ""παρασκευάζω"",",en,comes from,,
προετοιμάζομαι,δηλαδή προετοιμάζομαι.,en,I am preparing myself,,
προετοιμασμένος,...θα πρέπει να είσαι προετοιμασμένος η προετοιμασμένη,en,prepared,,
προϊόν,...να βάλεις πάνω αρκετό προϊόν και να πας -,en,product,,
πρόκειται,Πρόκειται να μελετήσει για τις...,en,about to / going to,,
προς,Η Κατερίνα περπατά προς το σπίτι και βλέπει...,en,"to, toward, for",,
προσεκτικά,"...το κάνω πάρα πολύ προσεκτικά, πάρα πολύ αργά.",en,carefully,,
προσεκτική,...πάρα πολύ προσεκτικός ή προσεκτική.,en,careful,,
προσεκτικός,...να είσαι πάρα πολύ προσεκτικός ή προσεκτική.,en,careful,,
προσέχω,Θα προσέχω τη διατροφή μου,en,"I watch, pay attention to, observe, heed",,
προσθέτω,Μετά προσθέτω το γάλα.,en,Add,,
προσπαθεί,Η Κέλλυ προσπαθεί να τεντώσει τα πόδια...,en,trying,,
προσπαθείς,Πώς προσπαθείς να σκέφτεσαι?,en,try,,
προσπαθήσει,Θα προσπαθήσει να φτιάξει ζυμαρικά.,en,try,,
προσπαθούσα,"Σήμερα, προσπαθούσα να ντυθώ για δουλειά.",en,I was trying,,
προσπαθώ,...φίλο στο σπίτι συνήθως προσπαθώ να φτιάξω κάτι ιδιαίτερο.,en,try,,
προσωπικά,κι εγώ προσωπικά χρησιμοποιώ πάρα πολύ συχνά,en,personally; personal,,
προσωπική,την προσωπική μου εμπειρία από το...,en,"(adj) personal, private, individual [ προσωπικός ] OR (nn) personnel, staff [ προσωπικό ]",,
πρόσωπο,...να συναντήσουν ένα διάσημο πρόσωπο μια μέρα.,en,"face, party, person, personage",,
πρότεινα,δε θα πρότεινα ούτε κανονικές ταινίες,en,recommend,,
προτείνει,και σου προτείνει να πας μαζί του.,en,"proposes, suggests, offers, recommeds",,
προτείνω,Θα σας προτείνω μία τελευταία ταινία μικρού...,en,I suggest,,
προτιμάς,Μήπως προτιμάς να πάμε κανα θέατρο;,en,Prefer,,
προτιμούν,Τέτοια μαγαζιά προτιμούν συνήθως οι εργαζόμενοι και...,en,They prefer,,
προτιμώ,τώρα προτιμώ να κοιμάμαι νωρίς για...,en,prefer,,
προτού,...να καλέσει πολλούς πελάτες προτού πάει σε μια συνάντηση.,en,"before, previous",,
προφέρεις,...δύσκολο είναι για σένα προφέρεις τις ελληνικές λέξεις;,en,you pronounce,,
προφέρουμε,Σήμερα μαθαίνουμε να προφέρουμε δέκα ελληνικές λέξεις μαζί...,en,We pronounce,,
πρωί,...σηκώνεται στις έξι κάθε πρωί.,en,Morning,,
πρωινό,Φτιάχνει πρωινό και πίνει καφέ.,en,breakfast,,
πρώτα,"Πρώτα, δοκιμάζει να μαγειρέψει.",en,first,,
πτυχίο,"...στρατό αφού πήρα το πτυχίο μου,",en,degree (academic),,
πύργο,"...δείξουμε πλατεία Αριστοτέλους, Λευκό Πύργο και παραλία, σωστά;",en,Tower,,
πως,...ας λεν οι άλλοι πως γυρνάς,en,How/That,,
ραντεβού,Έχει ένα ραντεβού με τον Παύλο.,en,"appointment, date, rendez-vous",,
ρε,"Α: Πο, ρε φίλε, θα μπλέξουμε.",en,eh,,
ρήμα,και το ρήμα λυπάμαι.,en,verb,,
ρήματα,...από τα πιο βασικά ρήματα της ελληνικής γλώσσας.,en,Verbs,,
ρήματος,"...και κάποιες χρήσεις του ρήματος είμαι,",en,verb,,
ρόδες,"...ότι τα αυτοκίνητα έχουν ρόδες .Μία , δυο , τρεις ρόδες...",en,wheels,,
ρόλο,"...έχει τον δικό της ρόλο,",en,"role, part (ρόλος)",,
ρομαντικό,...και για ένα δείπνο ρομαντικό,en,romantic,,
ρχεται,Γ: Ακούω κάποιον να 'ρχεται απ' το χολ.,en,'s coming,,
ρωσία,"...την πρώην Σοβιετική Ένωση, Ρωσία, Ουκρανία που ζουν στην...",en,Russia,,
σαν,Φαίνεται σαν να ήταν χθες.,en,"as if, like, while, if",,
σαντορίνη,...γνωστό παράδειγμα είναι η Σαντορίνη,en,Santorini,,
σεζόν,"...στη μόδα αυτή τη σεζόν,",en,season,,
σειρές,Αγαπημένες μου σειρές είναι δύο:,en,"rows,series,sets,lines",,
σεις,Ρε σεις αυτό είναι πολύ όμορφο!,en,tions,,
σένα,Νατάσα Θεοδωρίδου - Παραδόθηκα Σε Σένα,en,you (formal or plural),,
σερβίρεις,...κομμάτια και να το σερβίρεις με σόγια σως ή...,en,serve,,
σημαίνει,Αυτό σημαίνει ότι μαθαίνετε,en,means,,
σημαντικά,για τα δέκα πιο σημαντικά αντικείμενα,en,"important, significant, considerable",,
σημαντική,Έχει μια σημαντική παρουσίαση πωλήσεων να κάνει...,en,important,,
σημαντικό,Αυτό είναι σημαντικό.,en,important,,
σημασία,Δείτε τη σημασία των νέων λέξεων και...,en,"meaning, sense, importance, significance",,
σημειώνετε,για να σημειώνετε.,en,you note,,
σημερινό,πάμε να ξεκινήσουμε το σημερινό βίντεο.,en,"current, today's, modern day's",,
σιγά,Η μέρα σιγά σιγά μεγαλώνει,en,"slowly, quietly, gradually",,
σίγουρα,Σίγουρα δεν είναι ένας καλός...,en,certainly,,
σιγουρευτώ,...να κάνω είναι να σιγουρευτώ ότι τα φρύδια μου...,en,I make sure (σιγουρεύομαι),,
σίγουρη,Γ: Είμαι σίγουρη ότι ξέρετε αλλά απλώς...,en,"certain, sure; confident",,
σίγουρος,Γ: Είστε σίγουρος;,en,"sure, certain, confident",,
σκεφτεί,Γ: Το έχω σκεφτεί.,en,thought,,
σκέφτεστε,...γράψιμο σας βοηθά να σκέφτεστε στη νέα γλώσσα.,en,think,,
σκέφτεται,Σκέφτεται ότι είναι πολύ όμορφος.,en,"thinks, contemplates",,
σκέφτηκε,Αλλά ο Ανδρέας σκέφτηκε ότι ήταν αρκετά καλή.,en,thought,,
σκέφτομαι,Σκέφτομαι ότι είναι πολύ όμορφος.,en,"I think, contemplate, ponder",,
σκέψης,"...υιοθέτησα αυτό τον τρόπο σκέψης, ότι η Ελλάδα είναι...",en,thinking,,
σκόπελος,"...από τα νησιά, Σκιάθος, Σκόπελος, Αλόννησος.",en,"rapids, rocks underwater",,
σκωτία,...στην Ελλάδα ή στη Σκωτία που μένω τώρα.,en,Scotland,,
σκωτσέζα,"...μου λένε ''Α, ντύθηκες Σκωτσέζα!'' και τους λέω ''Όχι...",en,Scottish (f),,
σοβαρά,Α: Μιλάτε σοβαρά; Μάλλον αστειεύεστε.,en,seriously,,
σοβαρή,"Είναι τέλειο, νιώθω σαν Σοβαρή Λαίδη",en,"(adj) serious, solemn,earnest; severe, grave; reliable, dependable, responsible [ σοβαρός ]",,
σόδα,"...κουταλάκι του γλυκού μαγειρική σόδα,",en,soda,,
σου,Μαζί σου όλα τα μπορώ,en,you/your (informal),,
σούβλα,"...αρνάκι ή κατσικάκι στη σούβλα ,",en,"rotisserie, skewer",,
σούσι,"...κινέζικο, το ιταλικό, το σούσι, οι μπριζόλες, όλα τα...",en,sushi,,
σπένσερ,Είμαι η μαμά του Σπένσερ που έκανε το Podcast...,en,Spencer,,
σπιτάκια,"...πολύ ωραία παραδοσιακά, χωριάτικα σπιτάκια!",en,houses,,
σπούδαζα,"Εγώ επειδή σπούδαζα,",en,I was studying,,
σπουδάζει,Ο αδερφός μου θα σπουδάζει για να γίνει γιατρός.,en,"studying, training",,
σπούδασα,Εδώ σπούδασα ελληνική γλώσσα.,en,I studied,,
σπουδές,...να πας μετά τις σπουδές σου.,en,studies,,
σταμάτησε,Σταμάτησε να μου γράφει.,en,stopped,,
σταματήσει,Έπρεπε να σταματήσει για να κοιτάξει τον...,en,stop,,
σταματήσεις,Μην σταματήσεις όμως εκει .,en,stop,,
σταματήσω,...ημέρες όταν έπρεπε να σταματήσω για να κοιτάξω τον...,en,stop,,
στάση,Βεβαίως στάση για μία ινσταγκραμική φωτογραφία...,en,"stop, station / attitude, point of view, posture",,
στην,Πηγαίνει στην δουλειά του με το...,en,to,,
στην ουσία,Αυτά τα τρία αγάλματα στην ουσία κρατούσαν το συντριβάνι και...,en,(phrase) essentially,,
στην ώρα μου,δεν είμαι ποτέ στην ώρα μου.,en,on time,,
στην ώρα του,Ο Παύλος έρχεται στην ώρα του.,en,on time,,
στη συνέχεια,Στη συνέχεια θα πάρω ψητό κοτόπουλο.,en,"Subsequently, next, then",,
στις,Ο Μιχάλης σηκώνεται στις έξι κάθε πρωί.,it,"at, to, in, on",,
στολές,"...στην αεροπορία έχουμε δύο στολές,",en,uniforms,,
στυλ,...το πληκτρολόγιο και το στυλ.,en,style,,
συγκεκριμένα,,en,Specifically,,
συγκεκριμένο,"...ίδια μέρα, κάνω κάτι συγκεκριμένο,",en,"specific, concreteness",,
σύγχρονες,...αυτές οι λέξεις είναι σύγχρονες,en,"modern, contemporary",,
συλλογή,...και πιο αγαπημένη μου συλλογή,en,collection,,
συμβαίνει,Ενδιαφέρομαι να μάθω τι συμβαίνει.,en,happens,,
συμβεί,...θα έπρεπε να έχει συμβεί άν πήγαινε δυτικά?,en,happen,,
συμβολική,μια κίνηση συμβολική.,en,symbolic,,
συμφωνείς,...μία πολύ καλοκαιρινή φωτογραφία . Συμφωνείς;,en,agree,,
συναδέλφους,"Δε μιλούσα με τους συναδέλφους μου,",en,"colleagues,co-workers (συνάδελφος)",,
συναντάμε,...ελληνικά λέμε «γεια» όταν συναντάμε κάποιον αλλά και όταν...,en,"we meet, encounter",,
συναντήσει,Ο Μιχάλης μπορεί να συναντήσει πολλούς φιλικούς ανθρώπους.,en,meet,,
συναντήσεων,"Κατά την διάρκεια των συναντήσεων, αν προσπαθεί να πει...",en,meetings,,
συνάντηση,Και έχει μια συνάντηση στην δουλειά σήμερα.,en,meeting,,
συναντήσουμε,Πάντα θα θέλουμε να συναντήσουμε ένα διάσημο πρόσωπο μια...,en,meet,,
συνέντευξη,"...πολύ για αυτή τη συνέντευξη,",en,interview,,
συνέχεια,Στη συνέχεια θα πάρω ψητό κοτόπουλο.,en,"constantly, continually; consecutively",,
συνεχίζει,συνεχίζω: Η Σοφία συνεχίζει να πηγαίνει γυμναστήριο κάθε...,en,continues,,
συνεχίζουμε,συνεχίζουμε τον δρόμο μας προς...,en,continue,,
συνεχίσω,...the Greek και θα συνεχίσω τη δουλειά του στο...,en,continue,,
συνήθεια,...και να διατηρήσουμε μία συνήθεια.,en,"habit, custom",,
συνηθίσω,...μπορούσα με τίποτα να συνηθίσω τον καιρό και την...,en,I was used to,,
συνήθως,Γ: Συνήθως μαγειρεύω στο σπίτι.,en,usually,,
σύννεφα,...φράση πέφτω από τα σύννεφα.,en,clouds,,
σύντομα,Ο Φρειδερίκος επίσης αποκοιμιέται σύντομα.,en,soon,,
σύστημα,"...το LingQ, το διαδικτυακό σύστημα εκμάθησης γλωσσών.",en,system,,
σχέδια,"...το ρήμα είμαι, για σχέδια ή όταν πρόκειται να...",en,"plans, projects, drawings, sketches",,
σχέση,...χρόνο; Πρέπει να έχουν σχέση.,en,relationship,,
σχετίζεται,και σχετίζεται με τη γονιμότητα της...,en,related,,
σχετικά,...για να μάθετε περισσότερα σχετικά με το να προσφέρετε...,en,about,en,"about, regarding"
σχηματίζεται,Σχηματίζεται με το ‘'να'' και...,en,formed,,
σχόλια,...να το γράψετε στα σχόλια.,en,commentary,,
σώμα,Εσύ Γιάννη σε ποιο σώμα του στρατού ήσουν;,en,"body, corps, force, brigade, corporation, incorporation",,
σώματος,...ότι χρησιμοποιούμε μέρη του σώματος,en,body,,
σωστά,Ναι ναι πολύ σωστά.,en,"correctly, right",,
σωστή,...ανθρώπους να επιλέξουν τη σωστή καριέρα για τον εαυτό...,en,"right, correct",,
σωστό,...νομίζω ότι αυτό είναι σωστό.,en,"correct, right",,
ταινία,...πάει να δει μια ταινία.,en,movie,,
ταινίες,...στην Κλαίρη να παρακολουθεί ταινίες?,en,Movies,,
ταλαντούχους,με πολύ ταλαντούχους ηθοποιούς,en,talented,,
ταξιδιώτρια,...είμαι πάρα πολύ έμπειρη ταξιδιώτρια και backpacker και ξέρω...,en,traveler,,
ταυτότητα,Τα μεζεδοπωλεία αλλάζουν ταυτότητα ανάλογα με την εποχή.,en,identity,,
ταυτότητά,και την ταυτότητά σου,en,identity,,
ταυτότητας,...μέρος της Χριστιανικής μας ταυτότητας.,en,identity,,
ταχυδρομείο,...βρίσκομαι μπροστά από ένα ταχυδρομείο.,en,post office,,
ταχύτητα,...μπορείτε να αλλάξετε την ταχύτητα από τις ρυθμίσεις,en,speed,,
τελειώσαμε,Και κάπως έτσι τελειώσαμε με τα ρούχα.,en,"we finished, stopped",,
τελείωσε,ο οποίος μόλις τελείωσε τη στρατιωτική του θητεία,en,finished,,
τελευταία,...κάνουν οι γονείς σου τελευταία;,en,"lately, recently",,
τελευταίο,το τελευταίο μου βίντεο,en,last,,
τελικά,"Τελικά, φεύγει από το κατάστημα.",en,Finally,,
τέλος,Και τέλος,en,at last,,
τέλοσπαντων,γιατί τέλοσπαντων οι άνθρωποι λένε ότι...,en,Anyway,,
τέλος πάντων,Γ: Τέλος πάντων.,en,"anyway, whatever",,
τεράστιο,...και τώρα έχει γίνει τεράστιο.,en,"immense, prodigious, vast, huge",,
τεράστιος,...δεν είναι και πολύ τεράστιος γιατί υπάρχουν κι άλλοι...,en,"huge,enormous",,
τέταρτο,"Φυσικά εμείς, για κάνα τέταρτο",en,fourth  quarter,,
τέτοια,"Μετά έχουμε το ""τέτοιος, τέτοια, τέτοιο""",en,such,,
τέτοιες,"Τέτοιοι, τέτοιες, τέτοια",en,such,,
τέτοιο,"...έχουμε το ""τέτοιος, τέτοια, τέτοιο""",en,such,,
τετρακόσια,Τα μαύρα παπούτσια κοστίζουν τετρακόσια πενήντα ευρώ.,en,four hundred,,
τέχνη,Τη δημοκρατία; Την τέχνη;,en,art,,
τεχνικές,"τις δικές σας τεχνικές,",en,techniques,,
τζελ,"έκανα τζελ στα φρύδια, έβαζα λίγο...",en,gel,,
τζιν,...το φοράω με ένα τζιν σορτς αλλά δεν ξέρω...,en,"jeans, gin",,
τηλεόραση,Ξεκουράζονται και βλέπουν τηλεόραση μαζί.,en,"television, tv",,
τηλεφώνημα,έλαβα ένα τηλεφώνημα,en,phone call,,
τιμές,"με χαμηλότερες τιμές και ποικιλία στα πιάτα,",en,prices,,
τίποτε,"...δυτικά, αλλά δεν αναγνωρίζει τίποτε στον χάρτη.",en,nothing,,
τίτλος,"Ο τίτλος του είναι ""η μεγάλη...",en,title,,
το,...στην δουλειά του με το αυτοκίνητό του.,en,The,,
τον,Βρήκα τον άλλο μου εαυτό,en,"the (masculine, object/accusative)",,
τοπικά,...από τα πιο βασικά τοπικά επιρρήματα.,en,"locally, place",,
τοπική,"...να αποκοπεί από την τοπική αυτοδιοίκηση,",en,local,,
τοπικό,...έχει τον δικό της τοπικό παραδοσιακό χορό,en,local,,
τόσο,"Τόσος, τόση, τόσο",en,"so much, both",,
τότε,,en,then,,
του,Πηγαίνει στην δουλειά του με το αυτοκίνητό του.,en,"of, his, its",,
τουλάχιστον,Α: Έχω ξανάρθει τουλάχιστον 5 φορές.,en,At least,,
τουρίστες,Πολλοί τουρίστες επιλέγουν την Ελλάδα,en,tourists,,
τουριστική,"...πολύ όμορφη πόλη , πολύ τουριστική, που απέναντι υπάρχουν νησάκια.",en,tourist,,
τουριστικό,"...Αμμουλιανή , που είναι πολύ τουριστικό νησί και πηγαίνει πολύς...",en,tourist,,
τραγουδίστρια,"Λοιπόν, εδώ έχω μια τραγουδίστρια . Αυτή είναι μία πολύ...",en,singer,,
τραπεζάκι,Στα ελληνικά το λέμε ''τραπεζάκι σαλονιού'',en,small table,,
τραπέζι,...μπορεί να βρίσκεται στο τραπέζι,en,table,,
τραπεζιού,...βρίσκεται στη μέση του τραπεζιού.,en,table,,
τρένου,...από το σταθμό του τρένου;,en,train,,
τριακόσια,Τριακόσια τριάντα (330) ml νερό· το...,en,three hundred,,
τρομερό,αλλά κάνει τρομερό κρύο!,en,"awesome, frightening, great, terrible, mighty",,
τρόπο,...δουλειά μου με τον τρόπο που θέλω.,en,"manner, way",,
τρόπος,Αυτός είναι ο καλύτερος τρόπος για να μάθετε μια...,en,"way, form, manner, mean, wise, mien, mode, modus, style",,
τσάντα,Θα έχει μια ολόκληρη τσάντα με ζυμαρικά νούντλς.,en,bag,,
τσίπουρο,"Αυτό είναι τσίπουρο , επίσης σπιτικό",en,moonshine,,
υγεία,Είναι καλά στην υγεία τους;,en,health,,
υγιής,...με βοηθάει να είμαι υγιής.,en,healthy,,
υγρασία,"υπάρχει πάρα πολλή υγρασία, δεν υπάρχει πάρα πολύ...",en,"humidity, moisture",,
υλικό,...πρόσβαση σε αυτό το υλικό.,en,"material, ingredient",,
υπέροχα,...σίγουρη πως μένετε σε υπέροχα μέρη.,en,"beautifully, wonderful",,
υπέροχο,"Α: Α, υπέροχο, ευχαριστώ.",en,"great, wonderful, beautiful",,
υπογραφή,...ζητήσουν να βάλεις την υπογραφή σου.,en,signature,,
υποθέτω,"Α: Λοιπόν, υποθέτω ότι θα πρέπει να...",en,"I suppose, assume",,
υποκατηγορίες,...να τα χωρίσω σε υποκατηγορίες.,en,subcategories,,
υπότιτλους,...ενεργοποιήσετε ελληνικούς ή αγγλικούς υπότιτλους.,en,subtitles,,
φαίνεται,Φαίνεται ωραίο με το μπλε...,en,appear,,
φακές,"...κουτί από καφέ, έχω φακές.",en,lentils,,
φάνηκαν,Ελπίζω να σας φάνηκαν ενδιαφέρον οι γλωσσοδέτες,en,appeared,,
φάνηκε,...φωτιά είναι αυτή που φάνηκε στο βουνό!,en,appeared,,
φανταζόμουν,Φανταζόμουν πως μια μέρα θα...,en,imagined,,
φανταστικός,...ο Ντι Κάπριο είναι φανταστικός ηθοποιός.,en,fantastic,,
φαρμακοποιός,Φαρμακοποιός και τακτοποιώ,en,pharmacist,,
φέρεις,Θέλω να μου φέρεις εκείνο το μολύβι,en,you bring,,
φέρνει,...τα δώρα μας τα φέρνει ο Άγιος Βασίλης.,en,brings,,
φέρω,Θα σας φέρω επίσης λίγο ψωμί.,en,bring,,
φεύγει,...τα παπούτσια κάτω και φεύγει.,en,leaves,,
φεύγουμε,"όταν φεύγουμε,",en,we leave,,
φιλάκια,Φιλάκια πολλά!,en,Kisses,,
φίλε,"Α: Πο, ρε φίλε, θα μπλέξουμε.",en,pal,,
φοβάμαι,Αλλά φοβάμαι το νερό.,en,"I fear, I'm afraid, fearful",,
φοβάται,Αλλά φοβάται το νερό.,en,"she / he / it fears, is afraid of",,
φοβερό,"Καλά, ε; Φοβερό, κοιτάξτε!",en,amazing/terrible,,
φοβήθηκε,"...Αράχνη, μα εκείνη δεν φοβήθηκε καθόλου.",en,feared,,
φοβόμουν,Φοβόμουν πολύ να κάνω λάθη.,en,I feared,,
φοιτήτρια,Η Κλαίρη είναι φοιτήτρια πανεπιστημίου.,en,university student,,
φορά,...ξεκινήσεις αντίθετα με τη φορά των τριχών και μετά...,en,direction,,
φοράνε,Τι φοράνε δηλαδή οι στρατιώτες στην...,en,wear,,
φορές,Να το ακούσετε πολλές φορές στην συσκευή σας.,en,times,,
φορέσεις,...οπότε μπορείς να το φορέσεις και από αυτή την...,en,wear,,
φούρνο,Πηγαίνω στον φούρνο.,en,bakery,,
φράσεις,...να δημιουργήσετε LingQs για φράσεις.,en,phrases,,
φρειδερίκος,Η Ιωάννα και ο Φρειδερίκος είναι κουρασμένοι την νύχτα.,en,Frederick,,
φρέσκο,για να φάνε φρέσκο ψάρι.,en,fresh,,
φροντίζεις,"...πολύ εύκολο να τους φροντίζεις και να τους προσέχεις,",en,you care,,
φτάνω,φτάνω θα φτάσω,en,"I arrive, reach, come, get to",,
φτάσατε,Και φτάσατε,en,You arrived,,
φτάσω,φτάνω θα φτάσω,en,reach,,
φτιάχνει,Φτιάχνει πρωινό και πίνει καφέ.,en,makes,,
φύλλο,...τώρα ότι αυτό το φύλλο είναι λίγο μαζεμένο.,en,"leaf, sheet, page",,
φυσικά,Γ: Φυσικά.,en,"naturally, of course",,
φυσικό,...να μιλήσετε με έναν φυσικό ομιλητή.,en,"natural, physical",,
φυσιολογική,Το άγχος είναι μία φυσιολογική αντίδραση στην αβεβαιότητα.,en,"normal, physiological",,
φυτά,"...το σαλόνι δεν έχω φυτά, δυστυχώς παιδιά, δεν μπορώ...",en,"plants, shrubs",,
φυτών,...ένα πλήθος ζώων και φυτών.,en,Plants,,
φωνή,...με μια απογοήτευση στη φωνή τους.,en,voice,,
φωτιά,Τι λαμπρή φωτιά είναι αυτή που φάνηκε...,en,fire,,
φωτισμό,...δεν έχει πολύ καλό φωτισμό.,en,lighting,,
φωτογραφίες,Βλέπει φωτογραφίες διαμερισμάτων στο διαδίκτυο.,en,photos,,
χαίρομαι,Χαίρομαι που δεν έχω μία...,en,I'm glad,,
χαλί,Θα αγοράσω ένα χαλί για το σπίτι,en,carpet,,
χαρά,"Α: Μια χαρά, ευχαριστώ.",en,joy,,
χαρακτηρίζετε,"...καινούρια επίθετα για να χαρακτηρίζετε θετικά τον εαυτό σας,",en,You characterize,,
χαριτωμένο,Γ: Το κορίτσι είναι χαριτωμένο;,en,"cute, pretty",,
χαρούμενη,Είσαι χαρούμενη που μετακόμισες εδώ;,en,joyful,,
χαρούμενος,Α: Εγώ είμαι πολύ χαρούμενος με τη δουλειά μου.,en,"cheerful, happy",,
χάρτη,...για να κοιτάξει τον χάρτη του.,en,map,,
χειμώνα,...μερικές ημέρες άδεια τον χειμώνα.,en,winter,,
χειρότερο,Ήταν το χειρότερο τριήμερο της ζωής μου!,en,"worse, worst",,
χημικά,με το να βάζουμε χημικά πάνω στο πρόσωπό μας.,en,chemically,en,chemicals
χθες,Φαίνεται σαν να ήταν χθες.,en,yesterday,,
χιλιάδες,έβρισκα χιλιάδες δικαιολογίες και μικρά ψεματάκια,en,thousands,,
χοιρινά,...πήρα και λίγα σουβλάκια χοιρινά.,en,pork,,
χοιρινό,Χοιρινό ; -Ναι,en,pork 🐖,,
χόμπι,Τα ταξίδια είναι το χόμπι μου.,en,hobby,,
χορό,...δικό της τοπικό παραδοσιακό χορό,en,dance,,
χρειαστεί,"...στη δουλειά σου, ίσως χρειαστεί να κάνεις μία αλλαγή.",en,need,,
χρειάστηκα,χρειάστηκα το λεξικό,en,I needed it,,
χρήματα,"...να μελετήσει, να εξοικονομήσει χρήματα, ή να μείνει στο...",en,money,,
χρήσιμα,"...μαθήματά μου σας φαίνονται χρήσιμα,",en,useful,,
χρήσιμες,είναι πολύ χρήσιμες.,en,helpful,en,"helpful, useful"
χρήσιμο,"χρήσιμο, καινούριο λεξιλόγιο.",en,useful,,
χρησιμοποιεί,Η Γιάννα χρησιμοποιεί πολύ τον υπολογιστή.,en,uses,,
χρησιμοποιώντας,χρησιμοποιώντας κάποιες απρόσωπες εκφράσεις:,en,using,,
χριστούγεννα,Είχαμε πάει διακοπές τα Χριστούγεννα και ήρθαμε πίσω παραμονή...,en,Christmas,,
χρόνο,Έχει ο Δημήτρης ελεύθερο χρόνο τον χειμώνα?,en,time,,
χρονόμετρο,το χρονόμετρο,en,The timer,,
χρωματιστά,"χρωματιστά στιλό, χαρτάκια αλληλογραφίας,",en,colors,,
χτυπάνε,...αυτό ίσως ακούτε να χτυπάνε οι καμπάνες.,en,"beat, strike, knock",,
χώρα,...οι πελάτες από μια χώρα?,en,country,,
χώρες,...πελάτες είναι από πολλές χώρες.,en,countries,,
χωριά,"...και άλλα πολύ όμορφα χωριά στη Σιθωνία,",en,villages,,
χωριάτικη,...είναι μια πλούσια πλούσια χωριάτικη σαλάτα,en,Greek salad,,
ψάχνει,Ψάχνει στην ντουλάπα της.,en,"is looking for, searching",,
ψάχνοντας,Ψάχνοντας λοιπόν στο διαδίκτυο για...,en,"""Searching""",,
ψάχνω,Ψάχνω για μια καινούρια δουλειά...,en,"I look for, search",,
ψηλώνει,...πιο πράσινα και να ψηλώνει και να γίνεται πιο...,en,grows taller,,
ψυχή,"είναι η λέξη ""ψυχή"".",en,"soul,psyche,spirit",,
ώρας,"...λεπτά'', όπως αυτά της ώρας,",en,"hour, time",,
ως,Μπορείτε να επιλέξετε δασκάλους ως φίλους.,en,as,,
ώστε,Έπρεπε να αγοράσει εισιτήρια ώστε να μπορέσει να πάει...,en,"so that, such that, so",,